url,name,schedule,tags
https://runahr.com/en/,Home EN,daily,"en"
https://runahr.com/en/employee-access/,Employee Access EN,daily,"en"
https://runahr.com/en/human-resources/,Human Resources EN,daily,"en"
https://runahr.com/en/employee-engagement/,Employee Engagement EN,daily,"en"
https://runahr.com/en/community/,Community EN,daily,"en"
https://runahr.com/en/time-off/,Time Off EN,daily,"en"
https://runahr.com/en/runa-go/,Runa GO EN,daily,"en"
https://runahr.com/en/pricing,Pricing EN,daily,"en"
https://runahr.com/en/clientes/,Clients EN,daily,"en"
https://runahr.com/en/resource/,Resource Center EN,daily,"en"
https://runahr.com/en/glossary/,Glossary EN,daily,"en"
https://runahr.com/en/resource/calculadora/,Calculators EN,daily,"en"
https://runahr.com/en/resource/guide/,Guides EN,daily,"en"
https://runahr.com/en/resource/template/,Templates EN,daily,"en"
https://runahr.com/en/about-us/,About Us EN,daily,"en"
https://runahr.com/en/social-responsibility/,Social Responsibility EN,daily,"en"
https://runahr.com/en/join-the-team/,Join the Team EN,daily,"en"
https://runahr.com/en/press/,Press EN,daily,"en"
https://runahr.com/ec/,Home EC,daily,"ec"
https://runahr.com/ec/acceso-de-trabajadores/,Acceso de Trabajadores EC,daily,"ec"
https://runahr.com/ec/clima-laboral/,Clima Laboral EC,daily,"ec"
https://runahr.com/ec/comunidad/,Comunidad EC,daily,"ec"
https://runahr.com/ec/recursos-humanos/,Recursos Humanos EC,daily,"ec"
https://runahr.com/ec/tiempo/,Tiempo EC,daily,"ec"
https://runahr.com/ec/runa-go/,Runa GO EC,daily,"ec"
https://runahr.com/ec/precios,Precios EC,daily,"ec"
https://runahr.com/ec/clientes/,Clientes EC,daily,"ec"
https://runahr.com/ec/recursos/,Centro de Recursos EC,daily,"ec"
https://runahr.com/ec/glosario-rrhh/,Glosario EC,daily,"ec"
https://runahr.com/ec/recursos/calculadora/,Calculadoras EC,daily,"ec"
https://runahr.com/ec/recursos/guia/,Guias EC,daily,"ec"
https://runahr.com/ec/recursos/plantilla/,Plantillas EC,daily,"ec"
https://runahr.com/ec/sobre-nosotros/,Sobre Nosotros EC,daily,"ec"
https://runahr.com/ec/responsabilidad-social/,Responsabilidad Social EC,daily,"ec"
https://runahr.com/ec/unete-al-equipo/,Unete al Equipo EC,daily,"ec"
https://runahr.com/ec/prensa/,Prensa EC,daily,"ec"
